method,model,execFolder,round,value
PT-10,blang.validation.internals.fixtures.Ising$Builder,exec_20,0,24.95220115815552
PT-10,blang.validation.internals.fixtures.Ising$Builder,exec_20,1,29.055420464206033
PT-10,blang.validation.internals.fixtures.Ising$Builder,exec_20,2,33.26995920976122
PT-10,blang.validation.internals.fixtures.Ising$Builder,exec_20,3,32.41171891705289
PT-10,blang.validation.internals.fixtures.Ising$Builder,exec_20,4,33.961600376966445
PT-10,blang.validation.internals.fixtures.Ising$Builder,exec_20,5,33.73560508668758
PT-10,blang.validation.internals.fixtures.Ising$Builder,exec_20,6,33.37971366400905
PT-10,blang.validation.internals.fixtures.Ising$Builder,exec_20,7,33.3709866458595
PT-10,blang.validation.internals.fixtures.Ising$Builder,exec_20,8,33.305599135225194
PT-10,blang.validation.internals.fixtures.Ising$Builder,exec_20,9,33.30180972556611
PT-10,blang.validation.internals.fixtures.Ising$Builder,exec_20,10,33.497809228999515
PT-10,blang.validation.internals.fixtures.Ising$Builder,exec_20,11,33.33379862046655
SSMC,demos.PhylogeneticTree$Builder,exec_30,0,-1029.2146643591261
SSMC,demos.PhylogeneticTree$Builder,exec_30,1,-1254.2546391227245
SSMC,demos.PhylogeneticTree$Builder,exec_30,2,-1258.2930550622289
SSMC,demos.PhylogeneticTree$Builder,exec_30,3,-1261.474727473647
SSMC,demos.PhylogeneticTree$Builder,exec_30,4,-1030.456289800459
SSMC,demos.PhylogeneticTree$Builder,exec_30,5,-999.9172718117875
SSMC,demos.PhylogeneticTree$Builder,exec_30,6,-964.8635721873787
SSMC,demos.PhylogeneticTree$Builder,exec_30,7,-900.9498261815443
SSMC,demos.PhylogeneticTree$Builder,exec_30,8,-907.0425059478843
SSMC,demos.PhylogeneticTree$Builder,exec_30,9,-895.9388791690832
SSMC,demos.PhylogeneticTree$Builder,exec_30,10,-899.9641249753809
SSMC,demos.PhylogeneticTree$Builder,exec_30,11,-895.709561862727
SSMC,ode.MRNATransfection$Builder,exec_16,0,-183.24945907576662
SSMC,ode.MRNATransfection$Builder,exec_16,1,-214.82472938925488
SSMC,ode.MRNATransfection$Builder,exec_16,2,-159.94588944309925
SSMC,ode.MRNATransfection$Builder,exec_16,3,-79.98144524152995
SSMC,ode.MRNATransfection$Builder,exec_16,4,-23.213733585358014
SSMC,ode.MRNATransfection$Builder,exec_16,5,0.5740125944018404
SSMC,ode.MRNATransfection$Builder,exec_16,6,8.778578908248434
SSMC,ode.MRNATransfection$Builder,exec_16,7,11.291804009759195
SSMC,ode.MRNATransfection$Builder,exec_16,8,15.86094553727852
SSMC,ode.MRNATransfection$Builder,exec_16,9,15.519848240412804
SSMC,ode.MRNATransfection$Builder,exec_16,10,17.165787008499
SSMC,ode.MRNATransfection$Builder,exec_16,11,46.20881203819416
PT-20,glms.SpikeSlabClassification$Builder,exec_45,0,-124.52381148856283
PT-20,glms.SpikeSlabClassification$Builder,exec_45,1,-100.9211864702955
PT-20,glms.SpikeSlabClassification$Builder,exec_45,2,-101.68489201661512
PT-20,glms.SpikeSlabClassification$Builder,exec_45,3,-99.35800285166273
PT-20,glms.SpikeSlabClassification$Builder,exec_45,4,-99.49781688888184
PT-20,glms.SpikeSlabClassification$Builder,exec_45,5,-100.16890445942265
PT-20,glms.SpikeSlabClassification$Builder,exec_45,6,-98.87628622769148
PT-20,glms.SpikeSlabClassification$Builder,exec_45,7,-98.83831571253783
PT-20,glms.SpikeSlabClassification$Builder,exec_45,8,-99.57738737690444
PT-20,glms.SpikeSlabClassification$Builder,exec_45,9,-99.42903517997183
PT-20,glms.SpikeSlabClassification$Builder,exec_45,10,-99.45774329985589
SAIS,glms.SpikeSlabClassification$Builder,exec_48,0,-116.82855854498101
SAIS,glms.SpikeSlabClassification$Builder,exec_48,1,-96.45994571388059
SAIS,glms.SpikeSlabClassification$Builder,exec_48,2,-109.39427323037715
SAIS,glms.SpikeSlabClassification$Builder,exec_48,3,-99.32234717639176
SAIS,glms.SpikeSlabClassification$Builder,exec_48,4,-99.70231105015787
SAIS,glms.SpikeSlabClassification$Builder,exec_48,5,-98.96656796311801
SAIS,glms.SpikeSlabClassification$Builder,exec_48,6,-101.96312771320459
SAIS,glms.SpikeSlabClassification$Builder,exec_48,7,-100.06683850706717
SAIS,glms.SpikeSlabClassification$Builder,exec_48,8,-99.9944322590415
SAIS,glms.SpikeSlabClassification$Builder,exec_48,9,-99.47041314236616
SAIS,glms.SpikeSlabClassification$Builder,exec_48,10,-99.61827632164736
SAIS,glms.SpikeSlabClassification$Builder,exec_48,11,-99.41904078605397
SAIS,blang.validation.internals.fixtures.Ising$Builder,exec_6,0,29.993911260344685
SAIS,blang.validation.internals.fixtures.Ising$Builder,exec_6,1,29.819784883517112
SAIS,blang.validation.internals.fixtures.Ising$Builder,exec_6,2,32.572674185253476
SAIS,blang.validation.internals.fixtures.Ising$Builder,exec_6,3,34.29822205996635
SAIS,blang.validation.internals.fixtures.Ising$Builder,exec_6,4,34.71969763316209
SAIS,blang.validation.internals.fixtures.Ising$Builder,exec_6,5,33.36266415854895
SAIS,blang.validation.internals.fixtures.Ising$Builder,exec_6,6,33.426212096282256
SAIS,blang.validation.internals.fixtures.Ising$Builder,exec_6,7,33.302527364336775
SAIS,blang.validation.internals.fixtures.Ising$Builder,exec_6,8,33.30979621096866
SAIS,blang.validation.internals.fixtures.Ising$Builder,exec_6,9,33.377901418997375
SAIS,blang.validation.internals.fixtures.Ising$Builder,exec_6,10,33.30752729008298
SAIS,blang.validation.internals.fixtures.Ising$Builder,exec_6,11,33.39930010485513
PT-20,blang.validation.internals.fixtures.Ising$Builder,exec_34,0,22.735898726311188
PT-20,blang.validation.internals.fixtures.Ising$Builder,exec_34,1,32.63726817288393
PT-20,blang.validation.internals.fixtures.Ising$Builder,exec_34,2,33.70032136556293
PT-20,blang.validation.internals.fixtures.Ising$Builder,exec_34,3,32.25030843581861
PT-20,blang.validation.internals.fixtures.Ising$Builder,exec_34,4,33.44556541429208
PT-20,blang.validation.internals.fixtures.Ising$Builder,exec_34,5,33.260384590489394
PT-20,blang.validation.internals.fixtures.Ising$Builder,exec_34,6,33.60459813572202
PT-20,blang.validation.internals.fixtures.Ising$Builder,exec_34,7,33.53408320767389
PT-20,blang.validation.internals.fixtures.Ising$Builder,exec_34,8,33.19877672544487
PT-20,blang.validation.internals.fixtures.Ising$Builder,exec_34,9,33.27624281113383
PT-20,blang.validation.internals.fixtures.Ising$Builder,exec_34,10,33.343301861472085
PT-10,demos.DiscreteMultimodal$Builder,exec_8,0,4.158238292330649
PT-10,demos.DiscreteMultimodal$Builder,exec_8,1,3.518769045322536
PT-10,demos.DiscreteMultimodal$Builder,exec_8,2,3.4112448818093464
PT-10,demos.DiscreteMultimodal$Builder,exec_8,3,4.1631642660598365
PT-10,demos.DiscreteMultimodal$Builder,exec_8,4,4.142297135028871
PT-10,demos.DiscreteMultimodal$Builder,exec_8,5,4.222825749124555
PT-10,demos.DiscreteMultimodal$Builder,exec_8,6,4.249979587513632
PT-10,demos.DiscreteMultimodal$Builder,exec_8,7,4.20132684038565
PT-10,demos.DiscreteMultimodal$Builder,exec_8,8,4.207740097465743
PT-10,demos.DiscreteMultimodal$Builder,exec_8,9,4.220035239334232
PT-10,demos.DiscreteMultimodal$Builder,exec_8,10,4.206828542254552
PT-10,demos.DiscreteMultimodal$Builder,exec_8,11,4.187782567758575
PT-20,blang.validation.internals.fixtures.Diffusion$Builder,exec_27,0,-2187.143936031262
PT-20,blang.validation.internals.fixtures.Diffusion$Builder,exec_27,1,-8.375982801644195
PT-20,blang.validation.internals.fixtures.Diffusion$Builder,exec_27,2,-9.584376942460555
PT-20,blang.validation.internals.fixtures.Diffusion$Builder,exec_27,3,-6.907306445477387
PT-20,blang.validation.internals.fixtures.Diffusion$Builder,exec_27,4,-6.366738807259559
PT-20,blang.validation.internals.fixtures.Diffusion$Builder,exec_27,5,-6.478489241639526
PT-20,blang.validation.internals.fixtures.Diffusion$Builder,exec_27,6,-6.629893000853731
PT-20,blang.validation.internals.fixtures.Diffusion$Builder,exec_27,7,-6.887929966975924
PT-20,blang.validation.internals.fixtures.Diffusion$Builder,exec_27,8,-6.396712448401444
PT-20,blang.validation.internals.fixtures.Diffusion$Builder,exec_27,9,-6.705051907004184
PT-20,blang.validation.internals.fixtures.Diffusion$Builder,exec_27,10,-6.767193839356598
SAIS,hier.HierarchicalRockets$Builder,exec_42,0,-1516.347522147294
SAIS,hier.HierarchicalRockets$Builder,exec_42,1,-517.9370786120771
SAIS,hier.HierarchicalRockets$Builder,exec_42,2,-600.1532331615024
SAIS,hier.HierarchicalRockets$Builder,exec_42,3,-532.7160537994952
SAIS,hier.HierarchicalRockets$Builder,exec_42,4,-495.87001853124303
SAIS,hier.HierarchicalRockets$Builder,exec_42,5,-512.5436965980546
SAIS,hier.HierarchicalRockets$Builder,exec_42,6,-512.2115511263738
SAIS,hier.HierarchicalRockets$Builder,exec_42,7,-484.78060162448463
SAIS,hier.HierarchicalRockets$Builder,exec_42,8,-479.49638836644664
SAIS,hier.HierarchicalRockets$Builder,exec_42,9,-473.7912065649678
SAIS,hier.HierarchicalRockets$Builder,exec_42,10,-475.16677516182864
SAIS,hier.HierarchicalRockets$Builder,exec_42,11,-473.54696082534724
SSMC,glms.SpikeSlabClassification$Builder,exec_47,0,-122.75002782156281
SSMC,glms.SpikeSlabClassification$Builder,exec_47,1,-112.17176002889111
SSMC,glms.SpikeSlabClassification$Builder,exec_47,2,-108.32073032342561
SSMC,glms.SpikeSlabClassification$Builder,exec_47,3,-102.53773807709163
SSMC,glms.SpikeSlabClassification$Builder,exec_47,4,-99.1329595577894
SSMC,glms.SpikeSlabClassification$Builder,exec_47,5,-100.02490812090211
SSMC,glms.SpikeSlabClassification$Builder,exec_47,6,-99.28318854761423
SSMC,glms.SpikeSlabClassification$Builder,exec_47,7,-99.7621718166122
SSMC,glms.SpikeSlabClassification$Builder,exec_47,8,-99.47322421711226
SSMC,glms.SpikeSlabClassification$Builder,exec_47,9,-99.78880097990466
SSMC,glms.SpikeSlabClassification$Builder,exec_47,10,-99.4882113755151
SSMC,glms.SpikeSlabClassification$Builder,exec_47,11,-99.46619524158525
SSMC,hier.HierarchicalRockets$Builder,exec_43,0,-1521.0100405915125
SSMC,hier.HierarchicalRockets$Builder,exec_43,1,-553.3188992067481
SSMC,hier.HierarchicalRockets$Builder,exec_43,2,-519.2703748057038
SSMC,hier.HierarchicalRockets$Builder,exec_43,3,-488.03582821327126
SSMC,hier.HierarchicalRockets$Builder,exec_43,4,-490.86842311669346
SSMC,hier.HierarchicalRockets$Builder,exec_43,5,-480.658586251548
SSMC,hier.HierarchicalRockets$Builder,exec_43,6,-475.90277635631566
SSMC,hier.HierarchicalRockets$Builder,exec_43,7,-475.45083904101693
SSMC,hier.HierarchicalRockets$Builder,exec_43,8,-475.0129125249346
SSMC,hier.HierarchicalRockets$Builder,exec_43,9,-473.48459803119806
SSMC,hier.HierarchicalRockets$Builder,exec_43,10,-474.50860787322154
SSMC,hier.HierarchicalRockets$Builder,exec_43,11,-474.46062626707123
SSMC,blang.validation.internals.fixtures.Ising$Builder,exec_22,0,30.38358218834049
SSMC,blang.validation.internals.fixtures.Ising$Builder,exec_22,1,30.743271533030054
SSMC,blang.validation.internals.fixtures.Ising$Builder,exec_22,2,32.12914803410897
SSMC,blang.validation.internals.fixtures.Ising$Builder,exec_22,3,32.53358127835735
SSMC,blang.validation.internals.fixtures.Ising$Builder,exec_22,4,33.08572163784712
SSMC,blang.validation.internals.fixtures.Ising$Builder,exec_22,5,33.47117657715455
SSMC,blang.validation.internals.fixtures.Ising$Builder,exec_22,6,33.1082348974552
SSMC,blang.validation.internals.fixtures.Ising$Builder,exec_22,7,33.60461748945355
SSMC,blang.validation.internals.fixtures.Ising$Builder,exec_22,8,33.24213170544321
SSMC,blang.validation.internals.fixtures.Ising$Builder,exec_22,9,33.44930001887825
SSMC,blang.validation.internals.fixtures.Ising$Builder,exec_22,10,33.39359240215644
SSMC,blang.validation.internals.fixtures.Ising$Builder,exec_22,11,33.36386880125656
PT-20,demos.UnidentifiableProduct$Builder,exec_35,0,-118.20514280055122
PT-20,demos.UnidentifiableProduct$Builder,exec_35,1,-110.98993125482134
PT-20,demos.UnidentifiableProduct$Builder,exec_35,2,-13.972277918952827
PT-20,demos.UnidentifiableProduct$Builder,exec_35,3,-12.651638748747905
PT-20,demos.UnidentifiableProduct$Builder,exec_35,4,-12.129705487185173
PT-20,demos.UnidentifiableProduct$Builder,exec_35,5,-11.574327864854903
PT-20,demos.UnidentifiableProduct$Builder,exec_35,6,-11.889377751036712
PT-20,demos.UnidentifiableProduct$Builder,exec_35,7,-11.752524414490775
PT-20,demos.UnidentifiableProduct$Builder,exec_35,8,-11.901705137096634
PT-20,demos.UnidentifiableProduct$Builder,exec_35,9,-11.790011492356818
PT-20,demos.UnidentifiableProduct$Builder,exec_35,10,-11.832379679687838
PT-10,demos.XY$Builder,exec_19,0,13.583343127630185
PT-10,demos.XY$Builder,exec_19,1,13.590038218073644
PT-10,demos.XY$Builder,exec_19,2,15.99651384675226
PT-10,demos.XY$Builder,exec_19,3,16.846738854159483
PT-10,demos.XY$Builder,exec_19,4,15.605695550525082
PT-10,demos.XY$Builder,exec_19,5,16.169355666486457
PT-10,demos.XY$Builder,exec_19,6,15.925732449991017
PT-10,demos.XY$Builder,exec_19,7,16.313867966768058
PT-10,demos.XY$Builder,exec_19,8,15.981787350635294
PT-10,demos.XY$Builder,exec_19,9,15.876063338950608
PT-10,demos.XY$Builder,exec_19,10,15.845557400286705
PT-10,demos.XY$Builder,exec_19,11,15.999855743038832
SSMC,blang.validation.internals.fixtures.Diffusion$Builder,exec_9,0,-19.908229666223257
SSMC,blang.validation.internals.fixtures.Diffusion$Builder,exec_9,1,-6.636572110525606
SSMC,blang.validation.internals.fixtures.Diffusion$Builder,exec_9,2,-10.307482077043694
SSMC,blang.validation.internals.fixtures.Diffusion$Builder,exec_9,3,-7.73676225435334
SSMC,blang.validation.internals.fixtures.Diffusion$Builder,exec_9,4,-6.52491022174736
SSMC,blang.validation.internals.fixtures.Diffusion$Builder,exec_9,5,-7.763864798272541
SSMC,blang.validation.internals.fixtures.Diffusion$Builder,exec_9,6,-7.025053343186856
SSMC,blang.validation.internals.fixtures.Diffusion$Builder,exec_9,7,-6.366673940789141
SSMC,blang.validation.internals.fixtures.Diffusion$Builder,exec_9,8,-7.1392626435691895
SSMC,blang.validation.internals.fixtures.Diffusion$Builder,exec_9,9,-6.774063035332227
SSMC,blang.validation.internals.fixtures.Diffusion$Builder,exec_9,10,-6.80145572835891
SSMC,blang.validation.internals.fixtures.Diffusion$Builder,exec_9,11,-6.7380388897021275
SSMC,demos.XY$Builder,exec_18,0,13.072104365175102
SSMC,demos.XY$Builder,exec_18,1,15.752693369073539
SSMC,demos.XY$Builder,exec_18,2,15.797599951736688
SSMC,demos.XY$Builder,exec_18,3,16.416562518517207
SSMC,demos.XY$Builder,exec_18,4,15.936010997077792
SSMC,demos.XY$Builder,exec_18,5,15.59431861583327
SSMC,demos.XY$Builder,exec_18,6,15.835070115729618
SSMC,demos.XY$Builder,exec_18,7,15.935903711886693
SSMC,demos.XY$Builder,exec_18,8,15.928666944336753
SSMC,demos.XY$Builder,exec_18,9,15.909815024452447
SSMC,demos.XY$Builder,exec_18,10,15.886986444095118
SSMC,demos.XY$Builder,exec_18,11,15.926608062642723
SAIS,demos.AnnealedMVN$Builder,exec_1,0,3.037450713792741
SAIS,demos.AnnealedMVN$Builder,exec_1,1,3.894075047604932
SAIS,demos.AnnealedMVN$Builder,exec_1,2,3.80046176481807
SAIS,demos.AnnealedMVN$Builder,exec_1,3,3.731435505713633
SAIS,demos.AnnealedMVN$Builder,exec_1,4,3.928582240222623
SAIS,demos.AnnealedMVN$Builder,exec_1,5,3.991783069495477
SAIS,demos.AnnealedMVN$Builder,exec_1,6,3.96490853924942
SAIS,demos.AnnealedMVN$Builder,exec_1,7,3.9651708162387695
SAIS,demos.AnnealedMVN$Builder,exec_1,8,4.068787626911822
SAIS,demos.AnnealedMVN$Builder,exec_1,9,4.042032073546544
SAIS,demos.AnnealedMVN$Builder,exec_1,10,4.018128520135604
SAIS,demos.AnnealedMVN$Builder,exec_1,11,4.024204500036069
PT-10,blang.validation.internals.fixtures.Diffusion$Builder,exec_25,0,-16.24125438247942
PT-10,blang.validation.internals.fixtures.Diffusion$Builder,exec_25,1,-12.503711649164618
PT-10,blang.validation.internals.fixtures.Diffusion$Builder,exec_25,2,-10.452705337563348
PT-10,blang.validation.internals.fixtures.Diffusion$Builder,exec_25,3,-8.645890466194203
PT-10,blang.validation.internals.fixtures.Diffusion$Builder,exec_25,4,-6.785812510423337
PT-10,blang.validation.internals.fixtures.Diffusion$Builder,exec_25,5,-7.3115795120666744
PT-10,blang.validation.internals.fixtures.Diffusion$Builder,exec_25,6,-6.698003321009577
PT-10,blang.validation.internals.fixtures.Diffusion$Builder,exec_25,7,-6.377397801251755
PT-10,blang.validation.internals.fixtures.Diffusion$Builder,exec_25,8,-7.405580646287168
PT-10,blang.validation.internals.fixtures.Diffusion$Builder,exec_25,9,-7.099239973786682
PT-10,blang.validation.internals.fixtures.Diffusion$Builder,exec_25,10,-6.708852782263633
PT-10,blang.validation.internals.fixtures.Diffusion$Builder,exec_25,11,-6.736742403207634
PT-10,demos.UnidentifiableProduct$Builder,exec_15,0,-1098.532954736701
PT-10,demos.UnidentifiableProduct$Builder,exec_15,1,-13.212631216192367
PT-10,demos.UnidentifiableProduct$Builder,exec_15,2,-11.517465415472156
PT-10,demos.UnidentifiableProduct$Builder,exec_15,3,-11.746402531503668
PT-10,demos.UnidentifiableProduct$Builder,exec_15,4,-11.907335551440092
PT-10,demos.UnidentifiableProduct$Builder,exec_15,5,-11.41969767862221
PT-10,demos.UnidentifiableProduct$Builder,exec_15,6,-11.5998415298431
PT-10,demos.UnidentifiableProduct$Builder,exec_15,7,-12.16822922627699
PT-10,demos.UnidentifiableProduct$Builder,exec_15,8,-11.945977577548831
PT-10,demos.UnidentifiableProduct$Builder,exec_15,9,-11.895623607923882
PT-10,demos.UnidentifiableProduct$Builder,exec_15,10,-11.821886332852696
PT-10,demos.UnidentifiableProduct$Builder,exec_15,11,-11.883463146341246
PT-20,mix.SimpleMixture$Builder,exec_39,0,-1587.9222808598593
PT-20,mix.SimpleMixture$Builder,exec_39,1,-1584.3097901384315
PT-20,mix.SimpleMixture$Builder,exec_39,2,-1573.6472035120294
PT-20,mix.SimpleMixture$Builder,exec_39,3,-1561.920265212398
PT-20,mix.SimpleMixture$Builder,exec_39,4,-1567.633272283922
PT-20,mix.SimpleMixture$Builder,exec_39,5,-1558.5336492477234
PT-20,mix.SimpleMixture$Builder,exec_39,6,-1560.1826678941304
PT-20,mix.SimpleMixture$Builder,exec_39,7,-1557.8654002227308
PT-20,mix.SimpleMixture$Builder,exec_39,8,-1557.9598499355197
PT-20,mix.SimpleMixture$Builder,exec_39,9,-1557.4265638563784
PT-20,mix.SimpleMixture$Builder,exec_39,10,-1557.4818333365354
SAIS,demos.XY$Builder,exec_3,0,10.588067507534296
SAIS,demos.XY$Builder,exec_3,1,15.841672796475445
SAIS,demos.XY$Builder,exec_3,2,17.05196602638844
SAIS,demos.XY$Builder,exec_3,3,15.493309481114736
SAIS,demos.XY$Builder,exec_3,4,15.101472473538882
SAIS,demos.XY$Builder,exec_3,5,15.631984741000906
SAIS,demos.XY$Builder,exec_3,6,15.615373479765339
SAIS,demos.XY$Builder,exec_3,7,16.031862521071638
SAIS,demos.XY$Builder,exec_3,8,16.032495531214437
SAIS,demos.XY$Builder,exec_3,9,15.912275596436187
SAIS,demos.XY$Builder,exec_3,10,15.873947411658275
SAIS,demos.XY$Builder,exec_3,11,15.918445417556024
PT-20,demos.AnnealedMVN$Builder,exec_26,0,4.2799593959588
PT-20,demos.AnnealedMVN$Builder,exec_26,1,4.379557073942711
PT-20,demos.AnnealedMVN$Builder,exec_26,2,3.749325772584686
PT-20,demos.AnnealedMVN$Builder,exec_26,3,4.077418708582335
PT-20,demos.AnnealedMVN$Builder,exec_26,4,4.015750850511385
PT-20,demos.AnnealedMVN$Builder,exec_26,5,3.950480383295423
PT-20,demos.AnnealedMVN$Builder,exec_26,6,3.9677113236546973
PT-20,demos.AnnealedMVN$Builder,exec_26,7,3.9753247888269216
PT-20,demos.AnnealedMVN$Builder,exec_26,8,3.972146258048027
PT-20,demos.AnnealedMVN$Builder,exec_26,9,4.028580763201682
PT-20,demos.AnnealedMVN$Builder,exec_26,10,4.01134847469962
SAIS,demos.PhylogeneticTree$Builder,exec_32,0,-1061.473244079001
SAIS,demos.PhylogeneticTree$Builder,exec_32,1,-1291.3482271106682
SAIS,demos.PhylogeneticTree$Builder,exec_32,2,-1030.5627848119425
SAIS,demos.PhylogeneticTree$Builder,exec_32,3,-1239.908806691942
SAIS,demos.PhylogeneticTree$Builder,exec_32,4,-1054.398359804705
SAIS,demos.PhylogeneticTree$Builder,exec_32,5,-1044.982160759483
SAIS,demos.PhylogeneticTree$Builder,exec_32,6,-1157.3008487403292
SAIS,demos.PhylogeneticTree$Builder,exec_32,7,-1133.382148339843
SAIS,demos.PhylogeneticTree$Builder,exec_32,8,-959.9945574093034
SAIS,demos.PhylogeneticTree$Builder,exec_32,9,-893.2998148429851
SAIS,demos.PhylogeneticTree$Builder,exec_32,10,-928.9273637151338
SAIS,demos.PhylogeneticTree$Builder,exec_32,11,-911.7034087136218
PT-10,ode.MRNATransfection$Builder,exec_23,0,-2.7391311407347206E7
PT-10,ode.MRNATransfection$Builder,exec_23,1,-1.4646880968904087E10
PT-10,ode.MRNATransfection$Builder,exec_23,2,10703.669838173548
PT-10,ode.MRNATransfection$Builder,exec_23,3,5838.749845638275
PT-10,ode.MRNATransfection$Builder,exec_23,4,4124.855499321844
PT-10,ode.MRNATransfection$Builder,exec_23,5,3024.6964973219488
PT-10,ode.MRNATransfection$Builder,exec_23,6,2250.9578210857626
PT-10,ode.MRNATransfection$Builder,exec_23,7,1869.3890594457662
PT-10,ode.MRNATransfection$Builder,exec_23,8,1596.6344993217144
PT-10,ode.MRNATransfection$Builder,exec_23,9,1394.4373017324735
PT-10,ode.MRNATransfection$Builder,exec_23,10,1243.4773808948491
PT-10,ode.MRNATransfection$Builder,exec_23,11,1112.3511459493081
SAIS,blang.validation.internals.fixtures.Diffusion$Builder,exec_2,0,-19.81071159504313
SAIS,blang.validation.internals.fixtures.Diffusion$Builder,exec_2,1,-26.214339829514365
SAIS,blang.validation.internals.fixtures.Diffusion$Builder,exec_2,2,-7.8991604664629484
SAIS,blang.validation.internals.fixtures.Diffusion$Builder,exec_2,3,-10.083802586132425
SAIS,blang.validation.internals.fixtures.Diffusion$Builder,exec_2,4,-7.870922031305399
SAIS,blang.validation.internals.fixtures.Diffusion$Builder,exec_2,5,-7.5748566683446406
SAIS,blang.validation.internals.fixtures.Diffusion$Builder,exec_2,6,-6.32297313907209
SAIS,blang.validation.internals.fixtures.Diffusion$Builder,exec_2,7,-7.120761384066422
SAIS,blang.validation.internals.fixtures.Diffusion$Builder,exec_2,8,-6.789935785469536
SAIS,blang.validation.internals.fixtures.Diffusion$Builder,exec_2,9,-6.7073532986747475
SAIS,blang.validation.internals.fixtures.Diffusion$Builder,exec_2,10,-6.719426093810498
SAIS,blang.validation.internals.fixtures.Diffusion$Builder,exec_2,11,-6.821927439767547
PT-10,demos.AnnealedMVN$Builder,exec_14,0,4.557674634897505
PT-10,demos.AnnealedMVN$Builder,exec_14,1,3.862169247656154
PT-10,demos.AnnealedMVN$Builder,exec_14,2,4.563619895552304
PT-10,demos.AnnealedMVN$Builder,exec_14,3,3.9408300024352205
PT-10,demos.AnnealedMVN$Builder,exec_14,4,4.281623239385807
PT-10,demos.AnnealedMVN$Builder,exec_14,5,3.974070604557874
PT-10,demos.AnnealedMVN$Builder,exec_14,6,3.895356190999429
PT-10,demos.AnnealedMVN$Builder,exec_14,7,4.149289543817709
PT-10,demos.AnnealedMVN$Builder,exec_14,8,4.037906045842814
PT-10,demos.AnnealedMVN$Builder,exec_14,9,3.9986624572709744
PT-10,demos.AnnealedMVN$Builder,exec_14,10,4.054503989934052
PT-10,demos.AnnealedMVN$Builder,exec_14,11,4.0041353763920515
PT-20,demos.XY$Builder,exec_29,0,13.107845153925819
PT-20,demos.XY$Builder,exec_29,1,15.978987898383131
PT-20,demos.XY$Builder,exec_29,2,15.86914344554907
PT-20,demos.XY$Builder,exec_29,3,16.407894879091415
PT-20,demos.XY$Builder,exec_29,4,16.272254336825682
PT-20,demos.XY$Builder,exec_29,5,16.001795560223893
PT-20,demos.XY$Builder,exec_29,6,15.94052776691089
PT-20,demos.XY$Builder,exec_29,7,15.868471168626506
PT-20,demos.XY$Builder,exec_29,8,16.0038770507887
PT-20,demos.XY$Builder,exec_29,9,15.843353463257365
PT-20,demos.XY$Builder,exec_29,10,15.908407022962763
PT-10,hier.HierarchicalRockets$Builder,exec_44,0,-1118.1718953154275
PT-10,hier.HierarchicalRockets$Builder,exec_44,1,-556.9194024254929
PT-10,hier.HierarchicalRockets$Builder,exec_44,2,-491.0837069311621
PT-10,hier.HierarchicalRockets$Builder,exec_44,3,-483.28169543014303
PT-10,hier.HierarchicalRockets$Builder,exec_44,4,-479.7246274172026
PT-10,hier.HierarchicalRockets$Builder,exec_44,5,-476.8567682622914
PT-10,hier.HierarchicalRockets$Builder,exec_44,6,-476.905299555032
PT-10,hier.HierarchicalRockets$Builder,exec_44,7,-475.3714351249756
PT-10,hier.HierarchicalRockets$Builder,exec_44,8,-474.88011415455526
PT-10,hier.HierarchicalRockets$Builder,exec_44,9,-475.55636733829186
PT-10,hier.HierarchicalRockets$Builder,exec_44,10,-474.19848680818154
PT-10,hier.HierarchicalRockets$Builder,exec_44,11,-474.36310893098675
PT-10,demos.ToyMix$Builder,exec_21,0,-2.2166675302088565
PT-10,demos.ToyMix$Builder,exec_21,1,-1.2449796418445094
PT-10,demos.ToyMix$Builder,exec_21,2,0.18365578412422034
PT-10,demos.ToyMix$Builder,exec_21,3,0.0736531866796366
PT-10,demos.ToyMix$Builder,exec_21,4,0.19048247763147197
PT-10,demos.ToyMix$Builder,exec_21,5,0.09018984721035439
PT-10,demos.ToyMix$Builder,exec_21,6,-0.1230668613043262
PT-10,demos.ToyMix$Builder,exec_21,7,0.04214377924121848
PT-10,demos.ToyMix$Builder,exec_21,8,0.04155071474659611
PT-10,demos.ToyMix$Builder,exec_21,9,-0.0135789994001847
PT-10,demos.ToyMix$Builder,exec_21,10,-0.007380191545979464
PT-10,demos.ToyMix$Builder,exec_21,11,0.01133808762799493
PT-10,glms.SpikeSlabClassification$Builder,exec_46,0,-119.34625178018919
PT-10,glms.SpikeSlabClassification$Builder,exec_46,1,-99.87143280302293
PT-10,glms.SpikeSlabClassification$Builder,exec_46,2,-110.02999346789272
PT-10,glms.SpikeSlabClassification$Builder,exec_46,3,-98.25333204651939
PT-10,glms.SpikeSlabClassification$Builder,exec_46,4,-99.3817576701684
PT-10,glms.SpikeSlabClassification$Builder,exec_46,5,-98.32640307624531
PT-10,glms.SpikeSlabClassification$Builder,exec_46,6,-99.47154374736868
PT-10,glms.SpikeSlabClassification$Builder,exec_46,7,-99.87382245917169
PT-10,glms.SpikeSlabClassification$Builder,exec_46,8,-99.63408323530507
PT-10,glms.SpikeSlabClassification$Builder,exec_46,9,-99.00966475899565
PT-10,glms.SpikeSlabClassification$Builder,exec_46,10,-99.36807338734853
PT-10,glms.SpikeSlabClassification$Builder,exec_46,11,-99.30933845102406
SSMC,demos.ToyMix$Builder,exec_7,0,0.5870413571266557
SSMC,demos.ToyMix$Builder,exec_7,1,0.09716008999351189
SSMC,demos.ToyMix$Builder,exec_7,2,-0.101796483885924
SSMC,demos.ToyMix$Builder,exec_7,3,-0.29568791584535425
SSMC,demos.ToyMix$Builder,exec_7,4,-0.13504083365084352
SSMC,demos.ToyMix$Builder,exec_7,5,-0.08984291765729724
SSMC,demos.ToyMix$Builder,exec_7,6,0.07462272895581856
SSMC,demos.ToyMix$Builder,exec_7,7,-0.00542206055370098
SSMC,demos.ToyMix$Builder,exec_7,8,-5.671776738402912E-4
SSMC,demos.ToyMix$Builder,exec_7,9,0.010177647415937408
SSMC,demos.ToyMix$Builder,exec_7,10,0.02391916272887684
SSMC,demos.ToyMix$Builder,exec_7,11,-0.006023905400293295
SAIS,ode.MRNATransfection$Builder,exec_10,0,-184.68846325103843
SAIS,ode.MRNATransfection$Builder,exec_10,1,-211.92703358128801
SAIS,ode.MRNATransfection$Builder,exec_10,2,-151.1289007363733
SAIS,ode.MRNATransfection$Builder,exec_10,3,-46.97079014615556
SAIS,ode.MRNATransfection$Builder,exec_10,4,-57.35330455381491
SAIS,ode.MRNATransfection$Builder,exec_10,5,-45.62652571455505
SAIS,ode.MRNATransfection$Builder,exec_10,6,-13.419745223529208
SAIS,ode.MRNATransfection$Builder,exec_10,7,14.549640701606515
SAIS,ode.MRNATransfection$Builder,exec_10,8,14.978794554109596
SAIS,ode.MRNATransfection$Builder,exec_10,9,17.374489945212716
SAIS,ode.MRNATransfection$Builder,exec_10,10,17.43301900287531
SAIS,ode.MRNATransfection$Builder,exec_10,11,19.42608384087083
SSMC,mix.SimpleMixture$Builder,exec_38,0,-1614.6616936831804
SSMC,mix.SimpleMixture$Builder,exec_38,1,-1591.8602694209885
SSMC,mix.SimpleMixture$Builder,exec_38,2,-1583.2901779596016
SSMC,mix.SimpleMixture$Builder,exec_38,3,-1583.5553268925582
SSMC,mix.SimpleMixture$Builder,exec_38,4,-1571.260560093121
SSMC,mix.SimpleMixture$Builder,exec_38,5,-1570.770195802536
SSMC,mix.SimpleMixture$Builder,exec_38,6,-1568.3424421013872
SSMC,mix.SimpleMixture$Builder,exec_38,7,-1563.8030555364116
SSMC,mix.SimpleMixture$Builder,exec_38,8,-1560.3272019602744
SSMC,mix.SimpleMixture$Builder,exec_38,9,-1559.0204338190201
SSMC,mix.SimpleMixture$Builder,exec_38,10,-1557.8100087243934
SSMC,mix.SimpleMixture$Builder,exec_38,11,-1557.2652325093095
PT-20,demos.DiscreteMultimodal$Builder,exec_24,0,4.006552184806658
PT-20,demos.DiscreteMultimodal$Builder,exec_24,1,4.548260859016385
PT-20,demos.DiscreteMultimodal$Builder,exec_24,2,4.209351695967047
PT-20,demos.DiscreteMultimodal$Builder,exec_24,3,4.225080644132706
PT-20,demos.DiscreteMultimodal$Builder,exec_24,4,4.132078901683476
PT-20,demos.DiscreteMultimodal$Builder,exec_24,5,4.194389174894523
PT-20,demos.DiscreteMultimodal$Builder,exec_24,6,4.233106972397911
PT-20,demos.DiscreteMultimodal$Builder,exec_24,7,4.234968693040871
PT-20,demos.DiscreteMultimodal$Builder,exec_24,8,4.1969174934909645
PT-20,demos.DiscreteMultimodal$Builder,exec_24,9,4.205801400001863
PT-20,demos.DiscreteMultimodal$Builder,exec_24,10,4.199797797753377
SSMC,demos.DiscreteMultimodal$Builder,exec_11,0,4.054303049409689
SSMC,demos.DiscreteMultimodal$Builder,exec_11,1,4.162690564663306
SSMC,demos.DiscreteMultimodal$Builder,exec_11,2,4.16302280382558
SSMC,demos.DiscreteMultimodal$Builder,exec_11,3,4.251648651576137
SSMC,demos.DiscreteMultimodal$Builder,exec_11,4,4.2014065072958715
SSMC,demos.DiscreteMultimodal$Builder,exec_11,5,4.15185507540166
SSMC,demos.DiscreteMultimodal$Builder,exec_11,6,4.210544480383781
SSMC,demos.DiscreteMultimodal$Builder,exec_11,7,4.191198969810328
SSMC,demos.DiscreteMultimodal$Builder,exec_11,8,4.204342331839634
SSMC,demos.DiscreteMultimodal$Builder,exec_11,9,4.202680538508661
SSMC,demos.DiscreteMultimodal$Builder,exec_11,10,4.202609664114889
SSMC,demos.DiscreteMultimodal$Builder,exec_11,11,4.199710162737649
PT-20,demos.PhylogeneticTree$Builder,exec_36,0,-1799.5665383572593
PT-20,demos.PhylogeneticTree$Builder,exec_36,1,-1426.6282531677732
PT-20,demos.PhylogeneticTree$Builder,exec_36,2,-1248.2360165931584
PT-20,demos.PhylogeneticTree$Builder,exec_36,3,-1331.6026109460877
PT-20,demos.PhylogeneticTree$Builder,exec_36,4,-1146.5383964989483
PT-20,demos.PhylogeneticTree$Builder,exec_36,5,-1051.4917712547358
PT-20,demos.PhylogeneticTree$Builder,exec_36,6,-919.2026292977397
PT-20,demos.PhylogeneticTree$Builder,exec_36,7,-894.5547898293927
PT-20,demos.PhylogeneticTree$Builder,exec_36,8,-893.6747254740991
PT-20,demos.PhylogeneticTree$Builder,exec_36,9,-893.508647998639
PT-20,demos.PhylogeneticTree$Builder,exec_36,10,-894.1390804327701
PT-20,hier.HierarchicalRockets$Builder,exec_41,0,-1585.529997979345
PT-20,hier.HierarchicalRockets$Builder,exec_41,1,-480.7327126059062
PT-20,hier.HierarchicalRockets$Builder,exec_41,2,-569.4393671881675
PT-20,hier.HierarchicalRockets$Builder,exec_41,3,-467.62429956578114
PT-20,hier.HierarchicalRockets$Builder,exec_41,4,-477.3456269297109
PT-20,hier.HierarchicalRockets$Builder,exec_41,5,-476.1051256937007
PT-20,hier.HierarchicalRockets$Builder,exec_41,6,-473.0966076813183
PT-20,hier.HierarchicalRockets$Builder,exec_41,7,-472.4282356939817
PT-20,hier.HierarchicalRockets$Builder,exec_41,8,-474.6818357049586
PT-20,hier.HierarchicalRockets$Builder,exec_41,9,-474.602116184915
PT-20,hier.HierarchicalRockets$Builder,exec_41,10,-474.06964162881843
PT-10,mix.SimpleMixture$Builder,exec_37,0,-1598.8141421709006
PT-10,mix.SimpleMixture$Builder,exec_37,1,-1578.436108458568
PT-10,mix.SimpleMixture$Builder,exec_37,2,-1618.6832980804174
PT-10,mix.SimpleMixture$Builder,exec_37,3,-1567.9151310831264
PT-10,mix.SimpleMixture$Builder,exec_37,4,-1563.7918900783588
PT-10,mix.SimpleMixture$Builder,exec_37,5,-1565.3800441079359
PT-10,mix.SimpleMixture$Builder,exec_37,6,-1560.3920507981036
PT-10,mix.SimpleMixture$Builder,exec_37,7,-1559.8974231260045
PT-10,mix.SimpleMixture$Builder,exec_37,8,-1560.450372401171
PT-10,mix.SimpleMixture$Builder,exec_37,9,-1559.2180790324528
PT-10,mix.SimpleMixture$Builder,exec_37,10,-1558.3081813491176
PT-10,mix.SimpleMixture$Builder,exec_37,11,-1557.8764537931306
SSMC,demos.UnidentifiableProduct$Builder,exec_12,0,-2165.4961302229385
SSMC,demos.UnidentifiableProduct$Builder,exec_12,1,-48.46754854485353
SSMC,demos.UnidentifiableProduct$Builder,exec_12,2,-10.576344239606327
SSMC,demos.UnidentifiableProduct$Builder,exec_12,3,-11.664612147688832
SSMC,demos.UnidentifiableProduct$Builder,exec_12,4,-11.604079868864323
SSMC,demos.UnidentifiableProduct$Builder,exec_12,5,-12.166285496346916
SSMC,demos.UnidentifiableProduct$Builder,exec_12,6,-12.062839399012981
SSMC,demos.UnidentifiableProduct$Builder,exec_12,7,-11.888715726478097
SSMC,demos.UnidentifiableProduct$Builder,exec_12,8,-11.95830169674008
SSMC,demos.UnidentifiableProduct$Builder,exec_12,9,-11.964582643954483
SSMC,demos.UnidentifiableProduct$Builder,exec_12,10,-11.920467154176801
SSMC,demos.UnidentifiableProduct$Builder,exec_12,11,-11.855680549013247
SAIS,demos.DiscreteMultimodal$Builder,exec_5,0,4.079130635238797
SAIS,demos.DiscreteMultimodal$Builder,exec_5,1,4.212114433520897
SAIS,demos.DiscreteMultimodal$Builder,exec_5,2,4.213498900774184
SAIS,demos.DiscreteMultimodal$Builder,exec_5,3,4.270310354150434
SAIS,demos.DiscreteMultimodal$Builder,exec_5,4,4.161884909859506
SAIS,demos.DiscreteMultimodal$Builder,exec_5,5,4.16228222032297
SAIS,demos.DiscreteMultimodal$Builder,exec_5,6,4.205598806412308
SAIS,demos.DiscreteMultimodal$Builder,exec_5,7,4.169851240092406
SAIS,demos.DiscreteMultimodal$Builder,exec_5,8,4.219432983714574
SAIS,demos.DiscreteMultimodal$Builder,exec_5,9,4.1868403813376585
SAIS,demos.DiscreteMultimodal$Builder,exec_5,10,4.203429474390336
SAIS,demos.DiscreteMultimodal$Builder,exec_5,11,4.208872936473245
PT-20,demos.ToyMix$Builder,exec_33,0,0.13398142322830686
PT-20,demos.ToyMix$Builder,exec_33,1,-0.275212665913933
PT-20,demos.ToyMix$Builder,exec_33,2,0.29831472121011315
PT-20,demos.ToyMix$Builder,exec_33,3,-0.22128888956024184
PT-20,demos.ToyMix$Builder,exec_33,4,-0.16822022063658348
PT-20,demos.ToyMix$Builder,exec_33,5,0.1561286918046827
PT-20,demos.ToyMix$Builder,exec_33,6,0.09741613221487277
PT-20,demos.ToyMix$Builder,exec_33,7,-0.03368153227204029
PT-20,demos.ToyMix$Builder,exec_33,8,0.024619672244377888
PT-20,demos.ToyMix$Builder,exec_33,9,0.0103383098643679
PT-20,demos.ToyMix$Builder,exec_33,10,-0.005931730223534437
SAIS,demos.ToyMix$Builder,exec_4,0,0.6388273359829204
SAIS,demos.ToyMix$Builder,exec_4,1,-0.4261306030629497
SAIS,demos.ToyMix$Builder,exec_4,2,0.013597442136180415
SAIS,demos.ToyMix$Builder,exec_4,3,0.016882688344064256
SAIS,demos.ToyMix$Builder,exec_4,4,-0.0780626948685903
SAIS,demos.ToyMix$Builder,exec_4,5,-0.039022584143544314
SAIS,demos.ToyMix$Builder,exec_4,6,0.028299967724216835
SAIS,demos.ToyMix$Builder,exec_4,7,-0.013551680716703984
SAIS,demos.ToyMix$Builder,exec_4,8,-0.024444491004727453
SAIS,demos.ToyMix$Builder,exec_4,9,0.022582256001049572
SAIS,demos.ToyMix$Builder,exec_4,10,0.0039261212638397325
SAIS,demos.ToyMix$Builder,exec_4,11,1.2470024684851921E-4
SAIS,demos.UnidentifiableProduct$Builder,exec_17,0,-2165.4961302229385
SAIS,demos.UnidentifiableProduct$Builder,exec_17,1,-51.80440822204381
SAIS,demos.UnidentifiableProduct$Builder,exec_17,2,-9.799209455344535
SAIS,demos.UnidentifiableProduct$Builder,exec_17,3,-11.600784291227889
SAIS,demos.UnidentifiableProduct$Builder,exec_17,4,-12.23261517276933
SAIS,demos.UnidentifiableProduct$Builder,exec_17,5,-11.812883382785493
SAIS,demos.UnidentifiableProduct$Builder,exec_17,6,-12.018359419923875
SAIS,demos.UnidentifiableProduct$Builder,exec_17,7,-11.85414019880886
SAIS,demos.UnidentifiableProduct$Builder,exec_17,8,-11.77726296198778
SAIS,demos.UnidentifiableProduct$Builder,exec_17,9,-11.807575991064853
SAIS,demos.UnidentifiableProduct$Builder,exec_17,10,-11.823910222131204
SAIS,demos.UnidentifiableProduct$Builder,exec_17,11,-11.894459275055489
SSMC,demos.AnnealedMVN$Builder,exec_13,0,3.3672284962839525
SSMC,demos.AnnealedMVN$Builder,exec_13,1,4.592780492482092
SSMC,demos.AnnealedMVN$Builder,exec_13,2,4.117263285249397
SSMC,demos.AnnealedMVN$Builder,exec_13,3,4.104632682839168
SSMC,demos.AnnealedMVN$Builder,exec_13,4,4.156648128663013
SSMC,demos.AnnealedMVN$Builder,exec_13,5,3.973288007554083
SSMC,demos.AnnealedMVN$Builder,exec_13,6,4.119699161370448
SSMC,demos.AnnealedMVN$Builder,exec_13,7,4.021139053453174
SSMC,demos.AnnealedMVN$Builder,exec_13,8,4.0684164127785785
SSMC,demos.AnnealedMVN$Builder,exec_13,9,4.0427214151239586
SSMC,demos.AnnealedMVN$Builder,exec_13,10,4.021662782786081
SSMC,demos.AnnealedMVN$Builder,exec_13,11,4.026514412728343
SAIS,mix.SimpleMixture$Builder,exec_40,0,-1618.2333138518645
SAIS,mix.SimpleMixture$Builder,exec_40,1,-1597.286257452779
SAIS,mix.SimpleMixture$Builder,exec_40,2,-1587.0860840036485
SAIS,mix.SimpleMixture$Builder,exec_40,3,-1587.1153730673018
SAIS,mix.SimpleMixture$Builder,exec_40,4,-1583.105323275711
SAIS,mix.SimpleMixture$Builder,exec_40,5,-1574.7446818233702
SAIS,mix.SimpleMixture$Builder,exec_40,6,-1568.2221702575598
SAIS,mix.SimpleMixture$Builder,exec_40,7,-1565.9381306487337
SAIS,mix.SimpleMixture$Builder,exec_40,8,-1564.2992402727355
SAIS,mix.SimpleMixture$Builder,exec_40,9,-1559.8978503688677
SAIS,mix.SimpleMixture$Builder,exec_40,10,-1558.2616880153516
SAIS,mix.SimpleMixture$Builder,exec_40,11,-1559.6429933149082
PT-20,ode.MRNATransfection$Builder,exec_28,0,-2.1620752517378968E99
PT-20,ode.MRNATransfection$Builder,exec_28,1,2827311.137237278
PT-20,ode.MRNATransfection$Builder,exec_28,2,321652.62615997053
PT-20,ode.MRNATransfection$Builder,exec_28,3,1639.090066910972
PT-20,ode.MRNATransfection$Builder,exec_28,4,686.7168561140535
PT-20,ode.MRNATransfection$Builder,exec_28,5,346.5110250196549
PT-20,ode.MRNATransfection$Builder,exec_28,6,174.25570492470067
PT-20,ode.MRNATransfection$Builder,exec_28,7,87.7089349959149
PT-20,ode.MRNATransfection$Builder,exec_28,8,51.70928446103816
PT-20,ode.MRNATransfection$Builder,exec_28,9,34.052532181981874
PT-20,ode.MRNATransfection$Builder,exec_28,10,27.127688202902057
PT-10,demos.PhylogeneticTree$Builder,exec_31,0,-1678.4856734927607
PT-10,demos.PhylogeneticTree$Builder,exec_31,1,-1330.0443522126604
PT-10,demos.PhylogeneticTree$Builder,exec_31,2,-1545.9691790040717
PT-10,demos.PhylogeneticTree$Builder,exec_31,3,-1128.7331865770059
PT-10,demos.PhylogeneticTree$Builder,exec_31,4,-1039.380515947433
PT-10,demos.PhylogeneticTree$Builder,exec_31,5,-925.3389291736065
PT-10,demos.PhylogeneticTree$Builder,exec_31,6,-907.4733414027785
PT-10,demos.PhylogeneticTree$Builder,exec_31,7,-893.8755176733259
PT-10,demos.PhylogeneticTree$Builder,exec_31,8,-893.441271925898
PT-10,demos.PhylogeneticTree$Builder,exec_31,9,-894.2422365610427
PT-10,demos.PhylogeneticTree$Builder,exec_31,10,-896.767965043769
PT-10,demos.PhylogeneticTree$Builder,exec_31,11,-894.8681249709323
